[
{
    "model": "bot.group",
    "pk": 1,
    "fields": {
        "location": 3,
        "time_start": "15:00:00",
        "time_end": "17:00:00",
        "teacher": 1,
        "name": "\u041d\u0430\u0437\u0432\u0430\u043d\u0438\u0435 \u0433\u0440\u0443\u043f\u043f\u044b",
        "description": "\u041e\u043f\u0438\u0441\u0430\u043d\u0438\u0435 \u0433\u0440\u0443\u043f\u043f\u044b",
        "subject": 1,
        "days": [
            3,
            5
        ]
    }
},
{
    "model": "bot.group",
    "pk": 2,
    "fields": {
        "location": 6,
        "time_start": "10:00:00",
        "time_end": "12:00:00",
        "teacher": 2,
        "name": "\u041d\u0430\u0437\u0432\u0430\u043d\u0438\u0435 \u0433\u0440\u0443\u043f\u043f\u044b",
        "description": "\u041e\u043f\u0438\u0441\u0430\u043d\u0438\u0435 \u0433\u0440\u0443\u043f\u043f\u044b",
        "subject": 2,
        "days": [
            3,
            6
        ]
    }
},
{
    "model": "bot.group",
    "pk": 3,
    "fields": {
        "location": 4,
        "time_start": "10:00:00",
        "time_end": "12:00:00",
        "teacher": 3,
        "name": "\u041d\u0430\u0437\u0432\u0430\u043d\u0438\u0435 \u0433\u0440\u0443\u043f\u043f\u044b",
        "description": "\u041e\u043f\u0438\u0441\u0430\u043d\u0438\u0435 \u0433\u0440\u0443\u043f\u043f\u044b",
        "subject": 2,
        "days": [
            1,
            2,
            6
        ]
    }
},
{
    "model": "bot.group",
    "pk": 4,
    "fields": {
        "location": 5,
        "time_start": "15:00:00",
        "time_end": "17:00:00",
        "teacher": 3,
        "name": "\u041d\u0430\u0437\u0432\u0430\u043d\u0438\u0435 \u0433\u0440\u0443\u043f\u043f\u044b",
        "description": "\u041e\u043f\u0438\u0441\u0430\u043d\u0438\u0435 \u0433\u0440\u0443\u043f\u043f\u044b",
        "subject": 1,
        "days": [
            3,
            5,
            6
        ]
    }
},
{
    "model": "bot.group",
    "pk": 5,
    "fields": {
        "location": 5,
        "time_start": "10:00:00",
        "time_end": "12:00:00",
        "teacher": 2,
        "name": "\u041d\u0430\u0437\u0432\u0430\u043d\u0438\u0435 \u0433\u0440\u0443\u043f\u043f\u044b",
        "description": "\u041e\u043f\u0438\u0441\u0430\u043d\u0438\u0435 \u0433\u0440\u0443\u043f\u043f\u044b",
        "subject": 2,
        "days": [
            1,
            3,
            7
        ]
    }
},
{
    "model": "bot.group",
    "pk": 6,
    "fields": {
        "location": 3,
        "time_start": "15:00:00",
        "time_end": "17:00:00",
        "teacher": 4,
        "name": "\u041d\u0430\u0437\u0432\u0430\u043d\u0438\u0435 \u0433\u0440\u0443\u043f\u043f\u044b",
        "description": "\u041e\u043f\u0438\u0441\u0430\u043d\u0438\u0435 \u0433\u0440\u0443\u043f\u043f\u044b",
        "subject": 1,
        "days": [
            1,
            4,
            5
        ]
    }
},
{
    "model": "bot.group",
    "pk": 7,
    "fields": {
        "location": 4,
        "time_start": "14:30:00",
        "time_end": "16:30:00",
        "teacher": 4,
        "name": "\u041d\u0430\u0437\u0432\u0430\u043d\u0438\u0435 \u0433\u0440\u0443\u043f\u043f\u044b",
        "description": "\u041e\u043f\u0438\u0441\u0430\u043d\u0438\u0435 \u0433\u0440\u0443\u043f\u043f\u044b",
        "subject": 2,
        "days": [
            5,
            7
        ]
    }
},
{
    "model": "bot.group",
    "pk": 8,
    "fields": {
        "location": 2,
        "time_start": "15:00:00",
        "time_end": "17:00:00",
        "teacher": 5,
        "name": "\u041d\u0430\u0437\u0432\u0430\u043d\u0438\u0435 \u0433\u0440\u0443\u043f\u043f\u044b",
        "description": "\u041e\u043f\u0438\u0441\u0430\u043d\u0438\u0435 \u0433\u0440\u0443\u043f\u043f\u044b",
        "subject": 1,
        "days": []
    }
},
{
    "model": "bot.group",
    "pk": 9,
    "fields": {
        "location": 1,
        "time_start": "09:00:00",
        "time_end": "17:00:00",
        "teacher": 6,
        "name": "\u041d\u0430\u0437\u0432\u0430\u043d\u0438\u0435 \u0433\u0440\u0443\u043f\u043f\u044b",
        "description": "\u041e\u043f\u0438\u0441\u0430\u043d\u0438\u0435 \u0433\u0440\u0443\u043f\u043f\u044b",
        "subject": 2,
        "days": []
    }
},
{
    "model": "bot.group",
    "pk": 10,
    "fields": {
        "location": 1,
        "time_start": "10:00:00",
        "time_end": "12:00:00",
        "teacher": 6,
        "name": "\u041d\u0430\u0437\u0432\u0430\u043d\u0438\u0435 \u0433\u0440\u0443\u043f\u043f\u044b",
        "description": "\u041e\u043f\u0438\u0441\u0430\u043d\u0438\u0435 \u0433\u0440\u0443\u043f\u043f\u044b",
        "subject": 1,
        "days": [
            1,
            5,
            7
        ]
    }
},
{
    "model": "bot.group",
    "pk": 11,
    "fields": {
        "location": 4,
        "time_start": "15:00:00",
        "time_end": "17:00:00",
        "teacher": 6,
        "name": "\u041d\u0430\u0437\u0432\u0430\u043d\u0438\u0435 \u0433\u0440\u0443\u043f\u043f\u044b",
        "description": "\u041e\u043f\u0438\u0441\u0430\u043d\u0438\u0435 \u0433\u0440\u0443\u043f\u043f\u044b",
        "subject": 2,
        "days": [
            1,
            3
        ]
    }
},
{
    "model": "bot.group",
    "pk": 12,
    "fields": {
        "location": 3,
        "time_start": "13:00:00",
        "time_end": "15:00:00",
        "teacher": 1,
        "name": "\u041d\u0430\u0437\u0432\u0430\u043d\u0438\u0435 \u0433\u0440\u0443\u043f\u043f\u044b",
        "description": "\u041e\u043f\u0438\u0441\u0430\u043d\u0438\u0435 \u0433\u0440\u0443\u043f\u043f\u044b",
        "subject": 1,
        "days": [
            2,
            4
        ]
    }
},
{
    "model": "bot.group",
    "pk": 13,
    "fields": {
        "location": 7,
        "time_start": "13:00:00",
        "time_end": "15:00:00",
        "teacher": 13,
        "name": "\u041f\u0440\u043e\u0433\u0440\u0430\u043c\u043c\u0438\u0440\u043e\u0432\u0430\u043d\u0438\u0435 \u0438\u0433\u0440, \u0441\u0442\u0430\u0440\u0448\u0430\u044f \u0433\u0440\u0443\u043f\u043f\u0430",
        "description": "\u0421\u0442\u0430\u0440\u0448\u0430\u044f \u0433\u0440\u0443\u043f\u043f\u0430 \u043f\u0440\u043e\u0433\u0440\u0430\u043c\u043c\u0438\u0440\u043e\u0432\u0430\u043d\u0438\u044f \u0438\u0433\u0440",
        "subject": 1,
        "days": [
            5
        ]
    }
},
{
    "model": "bot.group",
    "pk": 14,
    "fields": {
        "location": 7,
        "time_start": "06:00:00",
        "time_end": "08:00:00",
        "teacher": 13,
        "name": "\u0420\u043e\u0431\u043e\u0442\u043e\u0442\u0435\u0445\u043d\u0438\u043a\u0430, \u0441\u0442\u0430\u0440\u0448\u0430\u044f \u0433\u0440\u0443\u043f\u043f\u0430",
        "description": "",
        "subject": 2,
        "days": [
            6
        ]
    }
},
{
    "model": "bot.location",
    "pk": 1,
    "fields": {
        "country": "\u0420\u043e\u0441\u0441\u0438\u044f",
        "region": "\u0422\u044e\u043c\u0435\u043d\u0441\u043a\u0430\u044f \u043e\u0431\u043b\u0430\u0441\u0442\u044c",
        "city": "\u0422\u044e\u043c\u0435\u043d\u044c",
        "street": "\u0443\u043b\u0438\u0446\u0430 \u0420\u0438\u0436\u0441\u043a\u0430\u044f",
        "building": "71",
        "name": "34 \u043b\u0438\u0446\u0435\u0439",
        "latitude": 57.0,
        "longitude": 66.0
    }
},
{
    "model": "bot.location",
    "pk": 2,
    "fields": {
        "country": "\u0420\u043e\u0441\u0441\u0438\u044f",
        "region": "\u0422\u044e\u043c\u0435\u043d\u0441\u043a\u0430\u044f \u043e\u0431\u043b\u0430\u0441\u0442\u044c",
        "city": "\u0422\u044e\u043c\u0435\u043d\u044c",
        "street": "\u0443\u043b\u0438\u0446\u0430 \u0420\u0438\u0436\u0441\u043a\u0430\u044f",
        "building": "71",
        "name": "92 \u0421\u041e\u0428",
        "latitude": 57.0,
        "longitude": 66.0
    }
},
{
    "model": "bot.location",
    "pk": 3,
    "fields": {
        "country": "\u0420\u043e\u0441\u0441\u0438\u044f",
        "region": "\u0422\u044e\u043c\u0435\u043d\u0441\u043a\u0430\u044f \u043e\u0431\u043b\u0430\u0441\u0442\u044c",
        "city": "\u0422\u044e\u043c\u0435\u043d\u044c",
        "street": "\u0443\u043b\u0438\u0446\u0430 \u0420\u0438\u0436\u0441\u043a\u0430\u044f",
        "building": "71",
        "name": "81 \u043b\u0438\u0446\u0435\u0439",
        "latitude": 57.0,
        "longitude": 66.0
    }
},
{
    "model": "bot.location",
    "pk": 4,
    "fields": {
        "country": "\u0420\u043e\u0441\u0441\u0438\u044f",
        "region": "\u0422\u044e\u043c\u0435\u043d\u0441\u043a\u0430\u044f \u043e\u0431\u043b\u0430\u0441\u0442\u044c",
        "city": "\u0422\u044e\u043c\u0435\u043d\u044c",
        "street": "\u0443\u043b\u0438\u0446\u0430 \u0420\u0438\u0436\u0441\u043a\u0430\u044f",
        "building": "71",
        "name": "88 \u0421\u041e\u0428",
        "latitude": 57.0,
        "longitude": 66.0
    }
},
{
    "model": "bot.location",
    "pk": 5,
    "fields": {
        "country": "\u0420\u043e\u0441\u0441\u0438\u044f",
        "region": "\u0422\u044e\u043c\u0435\u043d\u0441\u043a\u0430\u044f \u043e\u0431\u043b\u0430\u0441\u0442\u044c",
        "city": "\u0422\u044e\u043c\u0435\u043d\u044c",
        "street": "\u0443\u043b\u0438\u0446\u0430 \u0420\u0438\u0436\u0441\u043a\u0430\u044f",
        "building": "71",
        "name": "1 \u0433\u0438\u043c\u043d\u0430\u0437\u0438\u044f",
        "latitude": 57.0,
        "longitude": 66.0
    }
},
{
    "model": "bot.location",
    "pk": 6,
    "fields": {
        "country": "\u0420\u043e\u0441\u0441\u0438\u044f",
        "region": "\u0422\u044e\u043c\u0435\u043d\u0441\u043a\u0430\u044f \u043e\u0431\u043b\u0430\u0441\u0442\u044c",
        "city": "\u0422\u044e\u043c\u0435\u043d\u044c",
        "street": "\u0443\u043b\u0438\u0446\u0430 \u0420\u0438\u0436\u0441\u043a\u0430\u044f",
        "building": "71",
        "name": "\u0422\u0435\u0445\u043d\u043e\u043f\u0430\u0440\u043a",
        "latitude": 57.0,
        "longitude": 66.0
    }
},
{
    "model": "bot.location",
    "pk": 7,
    "fields": {
        "country": "\u0420\u043e\u0441\u0441\u0438\u044f",
        "region": "\u043e\u0431\u043b \u0422\u044e\u043c\u0435\u043d\u0441\u043a\u0430\u044f",
        "city": "\u0422\u044e\u043c\u0435\u043d\u044c",
        "street": "\u0443\u043b\u0438\u0446\u0430 \u0420\u0435\u0441\u043f\u0443\u0431\u043b\u0438\u043a\u0438",
        "building": "142",
        "name": "\u0426\u0435\u043d\u0442\u0440 \u0440\u043e\u0431\u043e\u0442\u043e\u0442\u0435\u0445\u043d\u0438\u043a\u0438 \u041a\u0443\u0440\u0441\u043e\u0440",
        "latitude": 111.0,
        "longitude": 222.0
    }
},
{
    "model": "bot.teacher",
    "pk": 1,
    "fields": {
        "last_name": "\u041d\u0443\u0433\u043c\u0430\u043d\u043e\u0432",
        "first_name": "\u041d\u0443\u0433\u043c\u0430\u0442",
        "middle_name": "\u041d\u0443\u0433\u043c\u0430\u0442\u0443\u043d\u043e\u0432\u0438\u0447",
        "phone": "89526664848",
        "mail": "mail@mail.ru",
        "age": 21
    }
},
{
    "model": "bot.teacher",
    "pk": 2,
    "fields": {
        "last_name": "\u041a\u0443\u0440\u0430\u0448",
        "first_name": "\u041a\u0443\u0440\u0430\u0442",
        "middle_name": "\u041a\u0443\u0440\u0430\u0448\u043e\u0432\u0438\u0447",
        "phone": "89526664848",
        "mail": "mail@mail.ru",
        "age": 21
    }
},
{
    "model": "bot.teacher",
    "pk": 3,
    "fields": {
        "last_name": "\u0428\u0430\u0431\u0430\u043b\u0438\u043d",
        "first_name": "\u041a\u0438\u0440\u0438\u043b\u043b",
        "middle_name": "\u041a\u0438\u0440\u0438\u043b\u043b\u043e\u0432\u0438\u0447",
        "phone": " 89123878160",
        "mail": "mail@mail.ru",
        "age": 25
    }
},
{
    "model": "bot.teacher",
    "pk": 4,
    "fields": {
        "last_name": "\u0417\u044b\u0440\u044f\u043d\u043e\u0432",
        "first_name": "\u0417\u044b\u0440\u044f\u043d",
        "middle_name": "\u0417\u044b\u0440\u044f\u043d\u043e\u0432\u0438\u0447",
        "phone": "89526664848",
        "mail": "mail@mail.ru",
        "age": 21
    }
},
{
    "model": "bot.teacher",
    "pk": 5,
    "fields": {
        "last_name": "\u0428\u0443\u043b\u044c\u0433\u0430",
        "first_name": "\u0428\u0443\u043b\u044c",
        "middle_name": "\u0428\u0443\u043b\u044c\u0433\u043e\u0432\u043d\u0430",
        "phone": "89526664848",
        "mail": "mail@mail.ru",
        "age": 21
    }
},
{
    "model": "bot.teacher",
    "pk": 6,
    "fields": {
        "last_name": "\u0412\u0430\u043b\u0435\u0435\u0432",
        "first_name": "\u0412\u0430\u043b",
        "middle_name": "\u0412\u0430\u043b\u0435\u0435\u0432\u0438\u0447",
        "phone": "89526664848",
        "mail": "mail@mail.ru",
        "age": 21
    }
},
{
    "model": "bot.teacher",
    "pk": 13,
    "fields": {
        "last_name": "\u0416\u0438\u0436\u0438\u043b\u0435\u0432",
        "first_name": "\u041f\u0430\u0432\u0435\u043b",
        "middle_name": "\u0412\u043b\u0430\u0434\u0438\u043c\u0438\u0440\u043e\u0432\u0438\u0447",
        "phone": "89224715619",
        "mail": "zhizhilev.pavel@gmail.com",
        "age": 30
    }
},
{
    "model": "bot.subject",
    "pk": 1,
    "fields": {
        "name": "\u041f\u0440\u043e\u0433\u0440\u0430\u043c\u043c\u0438\u0440\u043e\u0432\u0430\u043d\u0438\u0435 \u0438\u0433\u0440",
        "description": "\u041d\u0430 \u044d\u0442\u043e\u043c \u043f\u0440\u0435\u0434\u043c\u0435\u0442\u0435 \u043c\u044b \u043d\u0430\u0443\u0447\u0438\u043c \u0432\u0430\u0448\u0438\u0445 \u0434\u0435\u0442\u0435\u0439 \u043f\u0440\u043e\u0433\u0440\u0430\u043c\u043c\u0438\u0440\u043e\u0432\u0430\u0442\u044c \u0438\u0433\u0440\u044b."
    }
},
{
    "model": "bot.subject",
    "pk": 2,
    "fields": {
        "name": "\u0420\u043e\u0431\u043e\u0442\u043e\u0442\u0435\u0445\u043d\u0438\u043a\u0430",
        "description": "\u041d\u0430 \u044d\u0442\u043e\u043c \u043f\u0440\u0435\u0434\u043c\u0435\u0442\u0435 \u043c\u044b \u043d\u0430\u0443\u0447\u0438\u043c \u0432\u0430\u0448\u0438\u0445 \u0434\u0435\u0442\u0435\u0439 \u043f\u0440\u043e\u0433\u0440\u0430\u043c\u043c\u0438\u0440\u043e\u0432\u0430\u0442\u044c \u0440\u043e\u0431\u043e\u0442\u043e\u0432."
    }
},
{
    "model": "bot.signup",
    "pk": 1,
    "fields": {
        "last_name": "\u0410\u043d\u0442\u043e\u043d\u043e\u0432\u0438\u0447",
        "first_name": "\u0415\u0432\u0441\u0435\u0439",
        "middle_name": "\u041c\u0438\u0445\u0430\u0439\u043b\u043e\u0432\u0438\u0447",
        "vk_id": 140291018,
        "subject": 1,
        "location": 7,
        "notes": "\u0422\u0435\u0441\u0442 \u0442\u0435\u0441\u0442 \u0442\u0435\u0441\u0442"
    }
},
{
    "model": "bot.eventtype",
    "pk": 1,
    "fields": {
        "name": "\u041f\u0435\u0440\u0435\u043d\u043e\u0441"
    }
},
{
    "model": "bot.event",
    "pk": 3,
    "fields": {
        "type": 1,
        "description": "123",
        "date_from": "2019-11-05",
        "date_to": "2019-11-05",
        "group": 6
    }
},
{
    "model": "bot.day",
    "pk": 1,
    "fields": {
        "name": "\u041f\u043e\u043d\u0435\u0434\u0435\u043b\u044c\u043d\u0438\u043a"
    }
},
{
    "model": "bot.day",
    "pk": 2,
    "fields": {
        "name": "\u0412\u0442\u043e\u0440\u043d\u0438\u043a"
    }
},
{
    "model": "bot.day",
    "pk": 3,
    "fields": {
        "name": "\u0421\u0440\u0435\u0434\u0430"
    }
},
{
    "model": "bot.day",
    "pk": 4,
    "fields": {
        "name": "\u0427\u0435\u0442\u0432\u0435\u0440\u0433"
    }
},
{
    "model": "bot.day",
    "pk": 5,
    "fields": {
        "name": "\u041f\u044f\u0442\u043d\u0438\u0446\u0430"
    }
},
{
    "model": "bot.day",
    "pk": 6,
    "fields": {
        "name": "\u0421\u0443\u0431\u0431\u043e\u0442\u0430"
    }
},
{
    "model": "bot.day",
    "pk": 7,
    "fields": {
        "name": "\u0412\u043e\u0441\u043a\u0440\u0435\u0441\u0435\u043d\u044c\u0435"
    }
},
{
    "model": "bot.genericanswer",
    "pk": 1,
    "fields": {
        "input": "\u043f\u0440\u0438\u0432\u0435\u0442",
        "output": "\u041f\u0440\u0438\u0432\u0435\u0442! \u042f - \u0431\u043e\u0442, \u0438 \u043f\u043e\u044d\u0442\u043e\u043c\u0443 \u0443 \u043c\u0435\u043d\u044f \u043d\u0435\u0442\u0443 \u044d\u043c\u043e\u0446\u0438\u0439, \u0438 \u0432\u0441\u0451 \u0447\u0442\u043e \u044f \u0433\u043e\u0432\u043e\u0440\u044e \u0443\u0436\u0435 \u043f\u0440\u0435\u0434\u043e\u043f\u0440\u0435\u0434\u0435\u043b\u0435\u043d\u043d\u043e!"
    }
},
{
    "model": "bot.genericanswer",
    "pk": 2,
    "fields": {
        "input": "\u043f\u043e\u043a\u0430",
        "output": "\u0423\u0432\u0438\u0434\u0438\u043c\u0441\u044f \u0441\u043a\u043e\u0440\u043e!"
    }
},
{
    "model": "bot.genericanswer",
    "pk": 3,
    "fields": {
        "input": "\u043a\u0430\u043a \u0434\u0435\u043b\u0430?",
        "output": "\u042f \u0431\u043e\u0442, \u043f\u043e\u044d\u0442\u043e\u043c\u0443 \u0443 \u043c\u0435\u043d\u044f \u0432\u0441\u0451 \u043e\u0442\u043b\u0438\u0447\u043d\u043e!"
    }
},
{
    "model": "bot.genericanswer",
    "pk": 4,
    "fields": {
        "input": "\u043e \u0431\u043e\u0442\u0435",
        "output": "\u042f - \u0431\u043e\u0442 \u0434\u043b\u044f \u0445\u0430\u043a\u0430\u0442\u043e\u043d\u0430 \u041a\u0443\u0431\u043e\u043a \u0413\u0443\u0431\u0435\u0440\u043d\u0430\u0442\u043e\u0440\u0430 2019 \u0422\u044e\u043c\u0435\u043d\u044c, \u0441\u043e\u0437\u0434\u0430\u043d\u043d\u044b\u0439 \u043a\u043e\u043c\u0430\u043d\u0434\u043e\u0439 \u0438\u0437 \u0447\u0435\u0442\u044b\u0440\u0451\u0445 \u043b\u044e\u0434\u0435\u0439: \u0410\u043d\u0442\u043e\u043d\u043e\u0432\u0438\u0447 \u0415\u0432\u0441\u0435\u0439, \u0421\u0430\u043c\u043e\u0439\u043b\u0438\u043a \u0412\u0430\u0441\u0438\u043b\u0438\u0439, \u041a\u043e\u043b\u0435\u0441\u043d\u0438\u043a\u043e\u0432 \u0410\u043b\u0435\u043a\u0441\u0435\u0439 \u0438 \u0427\u0435\u0440\u043d\u043e\u0432 \u0410\u0440\u0442\u0451\u043c. \u0414\u043b\u044f \u043e\u043f\u0438\u0441\u0430\u043d\u0438\u044f \u043a\u043e\u043c\u0430\u043d\u0434 \u0431\u043e\u0442\u0430 \u0432\u0432\u0435\u0434\u0438\u0442\u0435 \u043a\u043e\u043c\u0430\u043d\u0434\u0443 \"\u0441\u043f\u0440\u0430\u0432\u043a\u0430\"."
    }
},
{
    "model": "bot.command",
    "pk": 1,
    "fields": {
        "name": "\u0440\u0430\u0441\u043f\u0438\u0441\u0430\u043d\u0438\u0435",
        "description": "\u042d\u0442\u0430 \u043a\u043e\u043c\u0430\u043d\u0434\u0430 \u0432\u044b\u0432\u043e\u0434\u0438\u0442 \u0440\u0430\u0441\u043f\u0438\u0441\u0430\u043d\u0438\u044f \u0433\u0440\u0443\u043f\u043f \u043f\u043e \u0448\u043a\u043e\u043b\u0430\u043c, \u0430 \u0442\u0430\u043a\u0436\u0435 \u0444\u0430\u043c\u0438\u043b\u0438\u0438 \u0443\u0447\u0438\u0442\u0435\u043b\u0435\u0439, \u043a\u043e\u0442\u043e\u0440\u044b\u0435 \u0438\u0445 \u043f\u0440\u043e\u0432\u043e\u0434\u044f\u0442.",
        "no_argument_response": "\u0412\u0432\u0435\u0434\u0438\u0442\u0435 \u0448\u043a\u043e\u043b\u0443.",
        "not_found_response": "\u0428\u043a\u043e\u043b\u0430 \u043d\u0435 \u043d\u0430\u0439\u0434\u0435\u043d\u0430. \u041f\u043e\u043f\u0440\u043e\u0431\u0443\u0439\u0442\u0435 \u043e\u0431\u0440\u0430\u0442\u0438\u0442\u044c\u0441\u044f \u043a \u0441\u043f\u0438\u0441\u043a\u0443 \u0430\u0434\u0440\u0435\u0441\u043e\u0432."
    }
},
{
    "model": "bot.command",
    "pk": 2,
    "fields": {
        "name": "\u0443\u0447\u0438\u0442\u0435\u043b\u044c",
        "description": "\u042d\u0442\u0430 \u043a\u043e\u043c\u0430\u043d\u0434\u0430 \u0432\u044b\u0432\u043e\u0434\u0438\u0442 \u043a\u043e\u043d\u0442\u0430\u043a\u0442\u043d\u044b\u0435 \u0434\u0430\u043d\u043d\u044b\u0435 \u0443\u0447\u0438\u0442\u0435\u043b\u0435\u0439, \u0430 \u0442\u0430\u043a\u0436\u0435 \u0438\u0445 \u043f\u043e\u043b\u043d\u043e\u0435 \u0424\u0418\u041e.",
        "no_argument_response": "\u0412\u0432\u0435\u0434\u0438\u0442\u0435 \u0443\u0447\u0438\u0442\u0435\u043b\u044f.",
        "not_found_response": "\u0423\u0447\u0438\u0442\u0435\u043b\u044c \u043d\u0435 \u043d\u0430\u0439\u0434\u0435\u043d. \u041d\u0430\u0436\u043c\u0438\u0442\u0435 \u043a\u043d\u043e\u043f\u043a\u0443 \"\u0432\u0441\u0435\" \u0447\u0442\u043e\u0431\u044b \u0432\u044b\u0432\u0435\u0441\u0442\u0438 \u0441\u043f\u0438\u0441\u043e\u043a \u0432\u0441\u0435\u0445 \u0443\u0447\u0438\u0442\u0435\u043b\u0435\u0439."
    }
},
{
    "model": "bot.command",
    "pk": 3,
    "fields": {
        "name": "\u043f\u0440\u0435\u0434\u043c\u0435\u0442",
        "description": "\u042d\u0442\u0430 \u043a\u043e\u043c\u0430\u043d\u0434\u0430 \u0432\u044b\u0432\u043e\u0434\u0438\u0442 \u043f\u0440\u0435\u0434\u043c\u0435\u0442\u044b \u043f\u043e \u043a\u043e\u0442\u043e\u0440\u044b\u043c \u0441\u0435\u0439\u0447\u0430\u0441 \u0438\u0434\u0451\u0442 \u043e\u0431\u0443\u0447\u0435\u043d\u0438\u0435 \u0432 \u043d\u0430\u0448\u0435\u043c \u043a\u0440\u0443\u0436\u043a\u0435 \u0438 \u0438\u0445 \u043e\u043f\u0438\u0441\u0430\u043d\u0438\u044f.",
        "no_argument_response": "\u0412\u0432\u0435\u0434\u0438\u0442\u0435 \u043f\u0440\u0435\u0434\u043c\u0435\u0442.",
        "not_found_response": "\u041f\u0440\u0435\u0434\u043c\u0435\u0442 \u043d\u0435 \u043d\u0430\u0439\u0434\u0435\u043d. \u041d\u0430\u0436\u043c\u0438\u0442\u0435 \u043a\u043d\u043e\u043f\u043a\u0443 \"\u0432\u0441\u0435\" \u0447\u0442\u043e\u0431\u044b \u0432\u044b\u0432\u0435\u0441\u0442\u0438 \u0441\u043f\u0438\u0441\u043e\u043a \u0432\u0441\u0435\u0445 \u043f\u0440\u0435\u0434\u043c\u0435\u0442\u043e\u0432."
    }
},
{
    "model": "bot.command",
    "pk": 4,
    "fields": {
        "name": "\u0448\u043a\u043e\u043b\u0430",
        "description": "\u042d\u0442\u0430 \u043a\u043e\u043c\u0430\u043d\u0434\u0430 \u0432\u044b\u0432\u043e\u0434\u0438\u0442 \u0434\u0430\u043d\u043d\u044b\u0435 \u043e \u043c\u0435\u0441\u0442\u043e\u043f\u043e\u043b\u043e\u0436\u0435\u043d\u0438\u044f\u0445 \u0448\u043a\u043e\u043b.",
        "no_argument_response": "\u0412\u0432\u0435\u0434\u0438\u0442\u0435 \u043d\u0430\u0437\u0432\u0430\u043d\u0438\u0435 \u0448\u043a\u043e\u043b\u044b.",
        "not_found_response": "\u0428\u043a\u043e\u043b\u0430 \u043d\u0435 \u043d\u0430\u0439\u0434\u0435\u043d\u0430. \u041d\u0430\u0436\u043c\u0438\u0442\u0435 \u043a\u043d\u043e\u043f\u043a\u0443 \"\u0432\u0441\u0435\" \u0447\u0442\u043e\u0431\u044b \u0432\u044b\u0432\u0435\u0441\u0442\u0438 \u0441\u043f\u0438\u0441\u043e\u043a \u0432\u0441\u0435\u0445 \u0448\u043a\u043e\u043b."
    }
},
{
    "model": "bot.command",
    "pk": 5,
    "fields": {
        "name": "\u0441\u043f\u0440\u0430\u0432\u043a\u0430",
        "description": "\u042d\u0442\u0430 \u043a\u043e\u043c\u0430\u043d\u0434\u0430 \u0432\u044b\u0432\u043e\u0434\u0438\u0442 \u0438\u043d\u0444\u043e\u0440\u043c\u0430\u0446\u0438\u044e \u043e \u043a\u043e\u043c\u0430\u043d\u0434\u0430\u0445. \u041d\u0435\u0432\u0435\u0440\u043e\u044f\u0442\u043d\u043e, \u0441\u043e\u0433\u043b\u0430\u0441\u043d\u044b?",
        "no_argument_response": "\u0412\u0432\u0435\u0434\u0438\u0442\u0435 \u043d\u0430\u0437\u0432\u0430\u043d\u0438\u0435 \u043a\u043e\u043c\u0430\u043d\u0434\u044b.",
        "not_found_response": "\u041a\u043e\u043c\u0430\u043d\u0434\u0430 \u043d\u0435 \u043d\u0430\u0439\u0434\u0435\u043d\u0430. \u041d\u0430\u0436\u043c\u0438\u0442\u0435 \u043a\u043d\u043e\u043f\u043a\u0443 \"\u0432\u0441\u0435\" \u0447\u0442\u043e\u0431\u044b \u0432\u044b\u0432\u0435\u0441\u0442\u0438 \u0441\u043f\u0438\u0441\u043e\u043a \u0432\u0441\u0435\u0445 \u043a\u043e\u043c\u0430\u043d\u0434."
    }
},
{
    "model": "bot.command",
    "pk": 6,
    "fields": {
        "name": "\u0437\u0430\u043f\u0438\u0441\u044c",
        "description": "\u042d\u0442\u0430 \u043a\u043e\u043c\u0430\u043d\u0434\u0430 \u043f\u043e\u0437\u0432\u043e\u043b\u044f\u0435\u0442 \u0432\u0430\u043c \u043e\u0441\u0442\u0430\u0432\u0438\u0442\u044c \u0437\u0430\u044f\u0432\u043a\u0443 \u043d\u0430 \u0437\u0430\u043f\u0438\u0441\u044c \u043d\u0430 \u043e\u0434\u0438\u043d \u0438\u0437 \u043d\u0430\u0448\u0438\u0445 \u043a\u0443\u0440\u0441\u043e\u0432.",
        "no_argument_response": "\u0412\u0432\u0435\u0434\u0438\u0442\u0435 \u043f\u0440\u0435\u0434\u043c\u0435\u0442 \u043d\u0430 \u043a\u043e\u0442\u043e\u0440\u044b\u0439 \u0432\u044b \u0445\u043e\u0442\u0438\u0442\u0435 \u0437\u0430\u043f\u0438\u0441\u0430\u0442\u044c\u0441\u044f.",
        "not_found_response": "\u041f\u0440\u0435\u0434\u043c\u0435\u0442 \u043d\u0430 \u043a\u043e\u0442\u043e\u0440\u044b\u0439 \u0432\u044b \u0445\u043e\u0442\u0438\u0442\u0435 \u0437\u0430\u043f\u0438\u0441\u0430\u0442\u044c\u0441\u044f \u043d\u0435 \u043d\u0430\u0439\u0434\u0435\u043d. \u041e\u0431\u0440\u0430\u0442\u0438\u0442\u0435\u0441\u044c \u043a \u0441\u043f\u0438\u0441\u043a\u0443 \u043f\u0440\u0435\u0434\u043c\u0435\u0442\u043e\u0432."
    }
},
{
    "model": "bot.command",
    "pk": 7,
    "fields": {
        "name": "\u0441\u043e\u0431\u044b\u0442\u0438\u044f",
        "description": "\u042d\u0442\u0430 \u043a\u043e\u043c\u0430\u043d\u0434\u0430 \u0432\u044b\u0432\u043e\u0434\u0438\u0442 \u0438\u043d\u0444\u043e\u0440\u043c\u0430\u0446\u0438\u044e \u043e \u043f\u0435\u0440\u0435\u043d\u043e\u0441\u0430\u0445 \u0437\u0430\u043d\u044f\u0442\u0438\u0439, \u043e\u0442\u043c\u0435\u043d\u0430\u0445 \u0437\u0430\u043d\u044f\u0442\u0438\u0439 \u0438 \u0434\u0440\u0443\u0433\u0438\u043c \u043f\u043e\u0434\u043e\u0431\u043d\u044b\u043c \u0441\u043e\u0431\u044b\u0438\u0442\u044f\u043c.",
        "no_argument_response": "\u0412\u0432\u0435\u0434\u0438\u0442\u0435 \u0441\u043e\u0431\u044b\u0442\u0438\u0435.",
        "not_found_response": "\u0421\u043e\u0431\u044b\u0442\u0438\u0435 \u043d\u0435 \u043d\u0430\u0439\u0434\u0435\u043d\u043e. \u041d\u0430\u0436\u043c\u0438\u0442\u0435 \u043d\u0430 \u043a\u043d\u043e\u043f\u043a\u0443 \"\u0432\u0441\u0435\" \u0447\u0442\u043e\u0431\u044b \u0432\u044b\u0432\u0435\u0441\u0442\u0438 \u0432\u0441\u0435 \u0441\u043e\u0431\u044b\u0442\u0438\u044f."
    }
}
]
